case_id	feature
PAVNLK	purity.100%
PAUXSV	purity.NODATA
PAUUTW	purity.95%
PAURJG	purity.95%
PAVFNX	purity.90%
PATUWG	purity.90%
PAVBIJ	purity.95%
PAUNZM	purity.95%
PATIYD	purity.NODATA
PATNXK	purity.80%
PAUGVZ	purity.80%
PATWEJ	purity.NODATA
PAUXPT	purity.NODATA
PATSTU	purity.60%
PATRVB	purity.NODATA
PAURFH	purity.NODATA
PAUCXF	purity.NODATA
PATTFS	purity.NODATA
PASNHY	purity.90%
PAVKHD	purity.NODATA
PAUTRA	purity.NODATA
PAVFZW	purity.NODATA
PAUJRW	purity.100%
PAVIZV	purity.100%
PATLSY	purity.50%
PATPFG	purity.85%
PATPXF	purity.NODATA
PATTCU	purity.90%
PATMRZ	purity.NODATA
PATNZJ	purity.NODATA
PATNXJ	purity.100%
PATWAG	purity.NODATA
PAUEXM	purity.80%
PATBGF	purity.95%
PASXHE	purity.95%
PASUTC	purity.NODATA
PAURCX	purity.NODATA
PASMIU	purity.95%
PAUPNR	purity.100%
PATVWA	purity.100%
PATBMM	purity.95%
PAUHSJ	purity.NODATA
PAUIWS	purity.NODATA
PATPIU	purity.NODATA
PATNEA	purity.NODATA
PATTHB	purity.80%
PATSCT	purity.95%
PAVAHC	purity.NODATA
PATXKG	purity.NODATA
PASTVV	purity.NODATA
PAVALS	purity.90%
PATSRY	purity.80%
PATAAV	purity.85%
PAVJEV	purity.90%
PASSWW	purity.100%
PAUYKM	purity.NODATA
PATXGG	purity.NODATA
PAVAEE	purity.95%
PARYRJ	purity.95%
PASXRG	purity.100%
PATPPY	purity.100%
PASZTC	purity.100%
PATSUB	purity.90%
PAUNTY	purity.90%
PASZRF	purity.100%
PASXIE	purity.100%
PASNUI	purity.65%
PAUXGR	purity.95%
PASWYR	purity.100%
PAUFKP	purity.NODATA
PATUGX	purity.NODATA
PATSSA	purity.NODATA
PAUMJN	purity.60%
PAVHWG	purity.85%
PAUKLK	purity.100%
PATKPD	purity.NODATA
PAUPWN	purity.95%
PATXHB	purity.NODATA
PASIIU	purity.NODATA
PATVKG	purity.NODATA
PASVCU	purity.NODATA
PATSVA	purity.NODATA
PAUCIK	purity.95%
PASYIP	purity.NODATA
PATLKI	purity.100%
PASRTR	purity.85%
PASZYY	purity.NODATA
PASREV	purity.NODATA
PAUNST	purity.95%
PATNUK	purity.90%
PAUILS	purity.NODATA
PATGLU	purity.NODATA
PAUIHH	purity.NODATA
PASTWV	purity.NODATA
PATHYD	purity.NODATA
PAUHXD	purity.85%
PATYRV	purity.NODATA
PASCDX	purity.95%
PATLFF	purity.80%
PASPGB	purity.100%
PATSUL	purity.75%
PATRNL	purity.NODATA
PATSSG	purity.NODATA
PATNWM	purity.95%
PATNBK	purity.NODATA
PASJWG	purity.NODATA
PAUAKC	purity.NODATA
PAULMT	purity.100%
PAUIJR	purity.95%
PATWGR	purity.NODATA
PASRVD	purity.NODATA
PATMZJ	purity.NODATA
PATWPL	purity.80%
PATZRF	purity.95%
PASGRL	purity.NODATA
PATTPC	purity.100%
PASSFD	purity.NODATA
PASFNY	purity.NODATA
PATBBF	purity.NODATA
PATDWR	purity.95%
PASUFD	purity.75%
PASZJB	purity.95%
PAVFAP	purity.85%
PAVBLT	purity.90%
PAUYJS	purity.100%
PAUCXG	purity.NODATA
PATIIT	purity.100%
PASVCK	purity.NODATA
PAVHGP	purity.95%
PAUCRL	purity.70%
PAUFIT	purity.NODATA
PAUDFR	purity.100%
PAVHEU	purity.80%
PATLBP	purity.85%
PATRZM	purity.NODATA
PAUJTY	purity.65%
PATHJZ	purity.NODATA
PAUCMD	purity.NODATA
PARUTJ	purity.100%
PASFEV	purity.95%
PAVCLX	purity.100%
PAVBLZ	purity.90%
PATFPK	purity.NODATA
PATVKI	purity.90%
PAUFYH	purity.NODATA
PAUCNL	purity.95%
PASWXG	purity.100%
PAUPKS	purity.95%
PASJRT	purity.NODATA
PAUSUV	purity.NODATA
PASLIH	purity.100%
PASUVU	purity.90%
PASXSJ	purity.100%
PASHLP	purity.NODATA
PASFGD	purity.85%
PATIYR	purity.NODATA
PATTDY	purity.NODATA
PAUTLP	purity.NODATA
PASFCG	purity.95%
PATYNP	purity.NODATA
PASYJF	purity.NODATA
PASIUJ	purity.100%
PATMVN	purity.NODATA
PATVMF	purity.NODATA
PAUPSP	purity.NODATA
PAVGYW	purity.95%
PASXRJ	purity.75%
PATNZR	purity.NODATA
PAUSLK	purity.90%
PATJIV	purity.NODATA
PAVBAI	purity.NODATA
PATVRG	purity.95%
PAULBY	purity.NODATA
PATTWT	purity.NODATA
PATUBI	purity.90%
PARZBH	purity.100%
PATCVK	purity.95%
PAUAZW	purity.NODATA
PAUVML	purity.95%
PATWTJ	purity.90%
PARVPD	purity.85%
PAUWHB	purity.100%
PAUIDD	purity.NODATA
PATZZJ	purity.NODATA
PATLFX	purity.100%
PAUJEJ	purity.100%
PAUDEK	purity.NODATA
PAUUHH	purity.NODATA
PATWDV	purity.80%
PASFWL	purity.95%
PARUZA	purity.90%
PAVKRF	purity.65%
PAUYFR	purity.80%
PAUAFH	purity.NODATA
PASPIU	purity.NODATA
PATYGV	purity.NODATA
PATSNC	purity.100%
PASDNT	purity.NODATA
PAUAEE	purity.95%
PAUMFN	purity.95%
PAUNBM	purity.NODATA
PAUGJI	purity.95%
PASWMY	purity.85%
PATEDT	purity.NODATA
PASTGD	purity.NODATA
PATIRK	purity.80%
PASEWZ	purity.90%
PAUGVU	purity.NODATA
PATTFE	purity.70%
PASXVW	purity.NODATA
PAVJMA	purity.NODATA
PATBLZ	purity.NODATA
PARVZT	purity.NODATA
PASDYT	purity.95%
PASSMV	purity.100%
PATCFL	purity.100%
PAUWBU	purity.100%
PAVKZC	purity.65%
PAUDFJ	purity.NODATA
PATGIW	purity.90%
PASUMG	purity.NODATA
PARYEH	purity.100%
PAUUWG	purity.65%
PASBPN	purity.NODATA
PATXTF	purity.100%
PASAGA	purity.100%
PASYVV	purity.NODATA
PAUSJB	purity.85%
PAULZB	purity.95%
PASFHI	purity.NODATA
PATDCJ	purity.75%
PATYAU	purity.NODATA
PASKFM	purity.80%
PAUBVN	purity.NODATA
PAUVPT	purity.85%
PASTZR	purity.95%
PASKIS	purity.100%
PAUALH	purity.NODATA
PATXKN	purity.90%
PATVER	purity.NODATA
PATDKL	purity.60%
PAVDFW	purity.90%
PAUUHY	purity.100%
PARXDW	purity.NODATA
PASWEE	purity.95%
PASAEJ	purity.NODATA
PASTWY	purity.100%
PASCWD	purity.100%
PATTNX	purity.100%
PAVINT	purity.90%
PAVDAS	purity.NODATA
PATBFN	purity.95%
PARUFS	purity.NODATA
PATVYZ	purity.NODATA
PATUPN	purity.90%
PASXWF	purity.75%
PAVJTD	purity.NODATA
PASKRS	purity.75%
PASSZI	purity.NODATA
PATUAI	purity.80%
PAUTFT	purity.60%
PATYXS	purity.NODATA
PASVXS	purity.90%
PASFKX	purity.100%
PAUPMU	purity.75%
PASLTC	purity.100%
PARWEV	purity.70%
PASLTH	purity.NODATA
PATVHJ	purity.90%
PAUEKP	purity.NODATA
PATJDG	purity.70%
PAUAZA	purity.NODATA
PAVCPT	purity.NODATA
PASVYV	purity.100%
PASBHS	purity.95%
PASFXC	purity.95%
PASHEL	purity.NODATA
PATBCM	purity.65%
PATSIJ	purity.90%
PATFTR	purity.80%
PATDZM	purity.NODATA
PATKGB	purity.95%
PAUFHY	purity.60%
PARZCJ	purity.75%
PAUIRD	purity.90%
PATFIK	purity.90%
PASRUT	purity.NODATA
PAUPNE	purity.NODATA
PATMDE	purity.70%
PASRRY	purity.90%
PASJBY	purity.NODATA
PASYHS	purity.NODATA
PATMFH	purity.NODATA
PASCGM	purity.65%
PATKRP	purity.NODATA
PATSEC	purity.NODATA
PAUKYI	purity.75%
PATVVB	purity.NODATA
PASREY	purity.95%
PASMET	purity.70%
PATNVA	purity.85%
PAVJEG	purity.90%
PASLPG	purity.75%
PASDPN	purity.NODATA
PASKCS	purity.NODATA
PATWPC	purity.95%
PARXPD	purity.100%
PAVINE	purity.90%
PATJGB	purity.NODATA
PATYWG	purity.80%
PATTTS	purity.NODATA
PASJUU	purity.NODATA
PATWED	purity.95%
PASMGS	purity.95%
PASGGI	purity.NODATA
PASGGD	purity.90%
PASTRD	purity.55%
PASAHC	purity.75%
PARYAG	purity.70%
PASIIB	purity.100%
PASLMN	purity.NODATA
PAUTFB	purity.NODATA
PAVIAZ	purity.55%
PASMUB	purity.95%
PATVKN	purity.90%
PAUCYI	purity.NODATA
PASJTA	purity.70%
PASAVJ	purity.95%
PASBDN	purity.95%
PAUVTG	purity.NODATA
PATWIL	purity.95%
PASDDP	purity.95%
PAUAEK	purity.NODATA
PASFIC	purity.80%
PARTRP	purity.80%
PAULDT	purity.90%
PASUMK	purity.65%
PASTHB	purity.NODATA
PASUCU	purity.85%
PAUEWF	purity.NODATA
PATEEE	purity.75%
PASKZT	purity.65%
PATETW	purity.95%
PASFEU	purity.75%
PAVLFB	purity.95%
PASYYZ	purity.65%
PASUEZ	purity.100%
